compagny,country,url
Skovgaard dev,DK - DENMARK,/unik-openbuild.dk
DOETICAN LIMITED,CY - CYPRUS,101reel.com
Tekstilgalleriet,DK - DENMARK,123knit.dk
24meter AB,SE - SWEDEN,24meter.se
2tall.com Retail Limited,GB - UNITED KINGDOM,2tall.com
3dtotal.com Ltd,GB - UNITED KINGDOM,3dtotal.com
3W STORES UK LTD,GB - UNITED KINGDOM,3wstores.com
4ocean Public Benefit Corporation,US - UNITED STATES,4ocean.com
7digital Europe sarl,LU - LUXEMBOURG,7digital.com
American Association for the,US - UNITED STATES,aaas.org
"Advancement of Science
AbeBooks Inc.",CA - CANADA,abebooks.com
AbeBooks Europe GmbH,DE - GERMANY,abebooks.de
Ableton AG,DE - GERMANY,ableton.com
ABS-CBN Europe Ltd.,GB - UNITED KINGDOM,abs-cbn.com
ACBroadcast.com BV,NL - NETHERLANDS,acbroadcast.com
Activision Blizzard International BV,NL - NETHERLANDS,activisionblizzard.com
Adeve,SE - SWEDEN,adeve.se
EYEOH AB,SE - SWEDEN,adonia-no.com
Amazon Advertising LLC,US - UNITED STATES,advertising.amazon.com/
directtou llc,US - UNITED STATES,aent.com
Aeria Games Europe GmbH,DE - GERMANY,aeriagames.com
PAVICIAN LIMITED,CY - CYPRUS,afterworkfun.com
Exeligo Limited,GB - UNITED KINGDOM,agamemix360.com
MDE Huset ApS,DK - DENMARK,ahler-sko.dk
Ahlvar Gallery,SE - SWEDEN,ahlvar.com
AIIA Care ApS,DK - DENMARK,aiiacare.com
Airbnb Ireland,IE - IRELAND,airbnb.com
airG Worldwide Cooperatie UA,NL - NETHERLANDS,airg.com
Simplifiers IVS,DK - DENMARK,airmatemobile.com/
Aitos International Ltd,MT - MALTA,aitos.com.mt
AJ Scooters,DK - DENMARK,ajscooters.com
AJ Scooters,DK - DENMARK,ajscooters.dk
Åland Post Ab,AX - ÅLAND ISLANDS,alandpost.ax/
Åland Post Ab,AX - ÅLAND ISLANDS,alandstamps.com/
Albelli BV,NL - NETHERLANDS,albelli.nl
Guveau AB,SE - SWEDEN,alexisstockholm.no
Alfaholics Limited,GB - UNITED KINGDOM,alfaholics.com
Hedlund Holding AB,SE - SWEDEN,aliceandwhite.com
ALIBABA.COM SINGAPORE E-,SG - SINGAPORE,aliexpress.com/
"COMMERCE PRIVATE LIMITED
Allabeslag Sverige AB",SE - SWEDEN,allabeslag.se
Allabeslag Sverige AB,SE - SWEDEN,allebeslag.no
Allgots Organic AB,SE - SWEDEN,allgots.com
Allmogens Norden AB,SE - SWEDEN,allmogens.se
Fanomedia,SE - SWEDEN,alltingkatt.se
Alma och Olmo HB,SE - SWEDEN,almaocholmo.com
ALTpoipoi I/S,DK - DENMARK,altpoipoi.dk
Digger Streetwear Ltd t/a FLATSPOT,GB - UNITED KINGDOM,alwaysincolour.com
Amazon Japan G.K.,JP - JAPAN,amazon.co.jp
Amazon Digital UK Limited,GB - UNITED KINGDOM,amazon.co.uk
Amazon Media EU S.A r.l.,LU - LUXEMBOURG,amazon.co.uk
Amazon Online UK Limited,GB - UNITED KINGDOM,amazon.co.uk
Amazon.com Services,US - UNITED STATES,amazon.com
Amazon EU Sarl,LU - LUXEMBOURG,amazon.de
Amazon Services Europe Sarl,LU - LUXEMBOURG,amazon.de
Amazon EU Sarl,LU - LUXEMBOURG,amazon.es
Amazon Services Europe Sarl,LU - LUXEMBOURG,amazon.es
Amazon EU Sarl,LU - LUXEMBOURG,amazon.fr
Amazon Services Europe Sarl,LU - LUXEMBOURG,amazon.fr
Amazon EU Sarl,LU - LUXEMBOURG,amazon.it
Amazon Services Europe Sarl,LU - LUXEMBOURG,amazon.it
Amazon EU Sarl,LU - LUXEMBOURG,amazon.nl
Amazon Services Europe Sarl,LU - LUXEMBOURG,amazon.nl
EGOREL LIMITED,CY - CYPRUS,amediabundle.com
"AmericanJeans.com, Inc.",US - UNITED STATES,americanjeans.com
Exeligo Limited,GB - UNITED KINGDOM,amusicheavn24.com
Ancestry.com Operations Inc.,US - UNITED STATES,ancestry.com
Ancestry Information Operations,IE - IRELAND,ancestry.ie
"Unlimited Company
AnchorFree Gmbh",CH - SWITZERLAND,anchorfree.com
Anderida Books,GB - UNITED KINGDOM,anderidabooks.co.uk
ANGELOPOULOS HAIR COMPANY OE,GR - GREECE,angelopouloshair.gr/
Anideko A/S,DK - DENMARK,anideko.com
Anine Bing Corporation,US - UNITED STATES,aninebing.com/
Annex Products Pty Ltd,AU - AUSTRALIA,annexproducts.com/
Anthropics Technology Limited,GB - UNITED KINGDOM,anthropics.com
URBN US Retail LLC,US - UNITED STATES,anthropologie.com/
A & N TRIMMINGS LTD,GB - UNITED KINGDOM,antrimm.co.uk
ANTECO SYSTEMS,ES - SPAIN,anytech365.com
Apidura,GB - UNITED KINGDOM,apidura.com
AppCreators B.V.,NL - NETHERLANDS,appcreators.com/
Appogee B.V.,NL - NETHERLANDS,appogee.nl
Appspartner B.V,NL - NETHERLANDS,appspartner.com/
Happy Diskus - e.Kfr.,DE - GERMANY,aquaristikshop.com
ARMexia AB,SE - SWEDEN,araratbutik.com
Argentum Antiques And Collectables Ltd,GB - UNITED KINGDOM,argentum-uk.com
Ariat Europe Limited,GB - UNITED KINGDOM,ariat.com/
Basiswear,DK - DENMARK,army-star.dk
Aros Sport Media AB,SE - SWEDEN,arossportmedia.se
Hantverk och keramikcenter i Sverige,SE - SWEDEN,art4fun.se
"AB
DANIELA DALLAVALLE SPA",IT - ITALY,artepura.it
Artos,DK - DENMARK,artos.dk
ASKET AB,SE - SWEDEN,asket.com
"A Small Orange, LLC",US - UNITED STATES,asmallorange.com
ASOS.COM Limited,GB - UNITED KINGDOM,asos.com/women/
Atelier Aarhus,DK - DENMARK,atelieraarhus.com
Atlassian Pty Ltd,AU - AUSTRALIA,atlassian.com/
ATP Media Operations Limited,GB - UNITED KINGDOM,atpmedia.tv/
JKZ Trading ApS,DK - DENMARK,atvimport.dk/shop/frontpage.html
Audible Ltd,GB - UNITED KINGDOM,audible.co.uk
"Audible, Inc",US - UNITED STATES,audible.com
Audible Australia Pty Ltd,AU - AUSTRALIA,audible.com.au
Audible GmbH,DE - GERMANY,audible.de
Asimakopoulos Nikolaos,GR - GREECE,audiocables.eu
Autodesk Direct Ltd,GB - UNITED KINGDOM,autodesk.co.uk/store
Aut O'mattic A8C Ireland Limited,IE - IRELAND,automattic.com
Bubblestorm Management (Pty) Ltd.,ZA - SOUTH AFRICA,automattic.com
AVANGATE BV,NL - NETHERLANDS,avangate.com
AVILASA SANCHO SL,ES - SPAIN,avilasasancho.com
"Amazon Web Services, Inc",US - UNITED STATES,aws.amazon.com/
Axel Arigato AB,SE - SWEDEN,axelarigato.no
BabyNord AB,SE - SWEDEN,babynord.se
"Backblaze, Inc.",US - UNITED STATES,backblaze.com
back on track ab,SE - SWEDEN,backontrack.com/
backpackinglight ab,SE - SWEDEN,backpackinglight.se
Bakkegårdens-foder,DK - DENMARK,bakkegaarden.eu
Bali Body Pty Ltd,AU - AUSTRALIA,balibody.com
House of Ball International Aps,DK - DENMARK,balloriginal.com
Banana Fingers Limited,GB - UNITED KINGDOM,bananafingers.co.uk/
Barato ApS,DK - DENMARK,barato.dk
DOVROS G -PREVELAKIS M OE,GR - GREECE,barista-shop.eu/
Studio Trend,SE - SWEDEN,barntatueringar.se
Batteriklubben,US - UNITED STATES,batteriklubben.com
Baythornfeldt,DK - DENMARK,baythornfeldt.design@gmail.com
Parklife Innovations Ltd.,GB - UNITED KINGDOM,bazookagoal.com
be2 Sarl,LU - LUXEMBOURG,be2.no/
Beatport LLC,US - UNITED STATES,beatport.com
Numiv Limited,GB - UNITED KINGDOM,beatsdropclub.com
TARINOT LIMITED,CY - CYPRUS,beatshd.com
TARINOT LIMITED,CY - CYPRUS,beatshd4me.com
Beauty and the Boutique Ltd,GB - UNITED KINGDOM,beautyandtheboutique.tv
Bee Green,DK - DENMARK,beegreen.dk/
Beliani No GmbH,CH - SWITZERLAND,beliani.no/
"Bellabeat, Inc.",US - UNITED STATES,bellabeat.com
Bellroy Trading pty ltd,AU - AUSTRALIA,bellroy.com/
Bemy,DK - DENMARK,bemy.dk
Bengans Skivbutik AB,SE - SWEDEN,bengans.com
Beredskapsboden AB,SE - SWEDEN,beredskapsboden.se
Frontera Web AB,SE - SWEDEN,beslagonline.no
Stranten Limited,GB - UNITED KINGDOM,bestestore365.com
Best Forever,DK - DENMARK,bestforever.dk
FALIMER LIMITED,CY - CYPRUS,bestgamesfun.com
Svartzonker Sweden AB,SE - SWEDEN,betesbyggarkiosken.se/sv/
BeTogetherMedia B.V.,NL - NETHERLANDS,betogethermedia.info
"Qumpus, Inc",US - UNITED STATES,betterworldbooks.com
GHS RETAIL LTD,GB - UNITED KINGDOM,bigberthaoriginal.com
GHS RETAIL LTD,GB - UNITED KINGDOM,bigberthaoriginal.no
Big Fish Games,US - UNITED STATES,bigfishgames.com
Bigpoint GmbH,DE - GERMANY,bigpoint.net
Norrköpings Bilskrot AB,SE - SWEDEN,bildelsbasen.se/?index=default&link=search&searchmode=1&c
BWA Invest AB,SE - SWEDEN,"ompany_id=88
bistos.se"
"Bitrix, Inc.",US - UNITED STATES,bitrix24.com
Björn Borg Retail AB,SE - SWEDEN,bjornborg.com/no
Kakao Games Europe B.V.,NO - NORWAY,blackdesertonline.com
Blå Shopping AB,SE - SWEDEN,blaelefant.se
High Stripe Limited,GB - UNITED KINGDOM,blogsleigh.com/
BLS Advertising GmbH,DE - GERMANY,blsadvertising.com
Bluehost Inc.,US - UNITED STATES,bluehost.com
BlueSnap Inc.,US - UNITED STATES,bluesnap.com
JP BODEN & CO LTD,GB - UNITED KINGDOM,boden.co.uk/en-gb
BLUE MONKEYS IN SPACE LTD,MT - MALTA,bodymod.eu
Artos,DK - DENMARK,bogigen.dk
Boldmaskine.dk ApS,DK - DENMARK,boldmaskine.dk
Bomo Art Budapest Kft.,HU - HUNGARY,bomoart.com/
boohoo.com UK Limited,GB - UNITED KINGDOM,boohoo.com
Bookbinders Design Scandianvia AB,SE - SWEDEN,bookbindersdesign.com
The Book Depository Limited,GB - UNITED KINGDOM,bookdepository.com
Nuvanti Limited,GB - UNITED KINGDOM,boombundle.com
Boranu Online BV,NL - NETHERLANDS,boranupay.com
Bordados Trading Post SL,ES - SPAIN,bordadostradingpost.com
Borderfree Inc,US - UNITED STATES,borderfree.com
Borderfree Limited,IE - IRELAND,borderfree.com
Dyrevilla,DK - DENMARK,borkavifood.com
BORN Nordic ApS,DK - DENMARK,bornnordic.com
BrewGoat AB,SE - SWEDEN,brewgoat.se
Brisa ab oy,FI - FINLAND,brisa.fi
BRUNELLO CUCINELLI SPA,IT - ITALY,brunellocucinelli.it
bubliq ApS,DK - DENMARK,bubliq.com
Bucken Sweden AB,SE - SWEDEN,bucken.se
Buddly Crafts,GB - UNITED KINGDOM,buddlycrafts.com
Chapari Limited,GB - UNITED KINGDOM,budgetbigger22.com
Functional Backpacks Ltd,GB - UNITED KINGDOM,builtforathletes.com/
BullerBox ApS,DK - DENMARK,bullerbox.no
Bum Society AB,SE - SWEDEN,bumsociety.com
EVELEX LIMITED,CY - CYPRUS,bundledmix.com
Lombia Limited,GB - UNITED KINGDOM,buyprimes4us.com
ACM GROUP APS,DK - DENMARK,byhappyme.com
Jema AS,DK - DENMARK,byjema.dk
by Kiilerich,DK - DENMARK,bykiilerich.com
Reen Reenbergs Magneqi-etic ApS,DK - DENMARK,bymagnet.com
Bytro Labs GmbH,DE - GERMANY,bytro.com
BV International AB,SE - SWEDEN,byvalerie.com
Interdate SA,LU - LUXEMBOURG,c-date.no
Conversion Traffic B.V.,NL - NETHERLANDS,c-traffic.com/
Cake Craft World Ltd,GB - UNITED KINGDOM,cakecraftworld.co.uk
Jelon e-trade AB,SE - SWEDEN,calzessa.com
Canem,DK - DENMARK,canem.dk
Carapax Marine Group AB,SE - SWEDEN,carapax.se
Sammelkartenmarkt GmbH & Co.KG,DE - GERMANY,cardmarket.com/
Care.com Europe GmbH,DE - GERMANY,care.com
Nature Cosmetic Group of Swedish,SE - SWEDEN,careofgerd.se
"Lapland AB
CARFAX Europe GmbH",DE - GERMANY,carfax.eu/about-carfax
Carolina Bucci,GB - UNITED KINGDOM,carolinabucci.com
CAROLINE SVEDBOM AB,SE - SWEDEN,carolinesvedbom.com
Casual Networks B.V.,NL - NETHERLANDS,casualnetworksbv.com
CCP HF,IS - ICELAND,ccpgames.com
Cefaly Technology,BE - BELGIUM,cefaly.us/#
CELLECT MOBILE ENTERTAINMENT,IL - ISRAEL,cellect.mobi
"LTD
CHARLES & KEITH UK LTD",GB - UNITED KINGDOM,charleskeith.co.uk/en
Charlotte Tilbury Beauty LTD,GB - UNITED KINGDOM,charlottetilbury.com
SRENOLI LIMITED,CY - CYPRUS,chattertune.com
Chelsea FC Plc,GB - UNITED KINGDOM,chelseafc.com
Chelsea FC Merchandising Limited,GB - UNITED KINGDOM,chelseafc.com/
Chelsea FC Merchandising Limited,GB - UNITED KINGDOM,chelseamegastore.com/stores/chelsea/en
Chessable Ltd,GB - UNITED KINGDOM,chessable.com
Childrensalon Limited,GB - UNITED KINGDOM,childrensalon.com
Chill Innovation A/S,DK - DENMARK,chill-innovation.com
Chimi AB,SE - SWEDEN,chimieyewear.com/sv/
Beauty World Denmark,DK - DENMARK,chiodoprodanmark.dk
Beauty World Denmark,DK - DENMARK,chiodoproscandinavia.com
Christema LTD,CY - CYPRUS,christema.com/
Eurobrands Distribution AB,SE - SWEDEN,cigge.com
Eurobrands Distribution AB,SE - SWEDEN,cigge.se
Ciha IVS,DK - DENMARK,ciha.dk/
Ciha IVS,DK - DENMARK,ciha.no/
CJ Hvidevareservice Aalborg Aps,DK - DENMARK,cjdele.dk
CJ Pony Parts,US - UNITED STATES,cjponyparts.com
Classic Alfa Ltd,GB - UNITED KINGDOM,classicalfa.com
Cleanyourcar Limited,GB - UNITED KINGDOM,cleanyourcar.co.uk
Click Sales Inc.,US - UNITED STATES,clickbank.com
Click'n Tile,DK - DENMARK,clickntile.com
ARCHEMBALD ENTERPRISES LIMITED,CY - CYPRUS,clicksandshopp.com
RESILTOR LIMITED,CY - CYPRUS,clipfou.com
RESILTOR LIMITED,CY - CYPRUS,clipfou4you.com
Tropical Sun Ltd,CY - CYPRUS,clips4sale.com
Great Products Production Sverige AB,SE - SWEDEN,clubcreo.com/
CoastLondon.com Limited,GB - UNITED KINGDOM,coastfashion.com
CPHagen ApS,DK - DENMARK,coaxcopenhagen.com
CPHagen ApS,DK - DENMARK,coaxcopenhagen.dk
Coéme ApS,DK - DENMARK,coeme-official.com
ZILOQ LIMITED,CY - CYPRUS,cogamestar.com
RESILTOR LIMITED,CY - CYPRUS,cogilium360.com
Collectif.co.uk,GB - UNITED KINGDOM,collectif.co.uk/
Colorful Living ApS,DK - DENMARK,colorfulliving.dk
colourmart ltd,GB - UNITED KINGDOM,colourmart.com
"Iconology, Inc. d/b/a comiXology",US - UNITED STATES,comixology.com
"Comunicacio Esport, SA",AD - ANDORRA,commencal-store.com
Momio ApS,DK - DENMARK,company.momio.me
Wizard of the Coast LLC,US - UNITED STATES,company.wizards.com/
"Constant Contact, Inc",US - UNITED STATES,constantcontact.com
Consum-Ex ApS,DK - DENMARK,consum-ex.dk
Cook'n Bloom AB,SE - SWEDEN,cooknbloom.se
www.coolpriser.dk ApS,DK - DENMARK,coolpriser.no
Leroc Madeira Lda,PT - PORTUGAL,corel.com/corel/
PUTIAN CITY SUYINAN TRADING,CN - CHINA,cosplaymade.com
"CO.,LTD
Courlux International SA",CH - SWITZERLAND,courlux.ch
Coursera Inc.,US - UNITED STATES,coursera.org/
CPH-CASHMERE,DK - DENMARK,cph-cashmere.com
CPH Fashion People ApS,DK - DENMARK,cphfashionpeople.com
CPH LIVING,DK - DENMARK,cphliving.dk/no
GYRAPEL LIMITED,CY - CYPRUS,crayelectrshop.com
Rizdale Limited,GB - UNITED KINGDOM,crazyhotdealz.com
SmartBaby AB,SE - SWEDEN,crazyking.se
CreativeLive Inc,US - UNITED STATES,creativelive.com
Crosmo B.V.,NL - NETHERLANDS,crosmo.com/
UAB Silver Dream,LT - LITHUANIA,crystals.co.uk
Spefer Handelsbolag,SE - SWEDEN,cuboss.com/
Spefer Handelsbolag,SE - SWEDEN,cuboss.se/
Cult Beauty Limited,GB - UNITED KINGDOM,cultbeauty.co.uk/
SQL WORKSHOP LIMITED,GB - UNITED KINGDOM,cultpens.com
Cuore of Switzerland GmbH,DE - GERMANY,cuore.ch
CuriosityStream Inc.,US - UNITED STATES,curiositystream.com
CurlsForYou Aps,DK - DENMARK,curlsforyou.dk/
CURLY BOX Inh. Melanie Pichler,AT - AUSTRIA,curlybox.at
Currentbody.com LTD,GB - UNITED KINGDOM,currentbody.com
Stuckatur i Sverige AB,SE - SWEDEN,d-cor.se
FESOREX LIMITED,CY - CYPRUS,dabpulse.com
WOERINS LIMITED,CY - CYPRUS,dabverse.com
WOERINS LIMITED,CY - CYPRUS,dabverse247.com
Frydendahl Fiskenet A/S,DK - DENMARK,daconet.dk
HORVEOT LIMITED,CY - CYPRUS,dagameheros.com
UAB Dampjuice,LT - LITHUANIA,dampjuice.com
Altacus Limited,GB - UNITED KINGDOM,damusicmix247.com
IRL Digital Ltd,GB - UNITED KINGDOM,danandphilshop.com/
Dangerous9straps.com,DE - GERMANY,dangerous9straps.com
DANIELA DALLAVALLE SPA,IT - ITALY,danieladallavalle.com
Daniel's Game Store,US - UNITED STATES,danielsgamestore.com
The Danish Pipe Shop Aps,DK - DENMARK,danishpipeshop.com
Electronic Cigarettes Europe GmbH,CH - SWITZERLAND,dansmoke.com
dateyard AG,CH - SWITZERLAND,dateyard.com
EGOREL LIMITED,CY - CYPRUS,datruegamer.com
Daybreak Game Company LLC,US - UNITED STATES,daybreakgames.com
Media Marketing Scandinavia AB,SE - SWEDEN,dcplus.se
Upjers GmbH,DE - GERMANY,de.upjers.com/
VELAORN LIMITED,CY - CYPRUS,demimba.com
VELAORN LIMITED,CY - CYPRUS,demimba247.com
Rockers Guitars Ltd,GB - UNITED KINGDOM,denmarkstreetonline.co.uk/
Dentalbolaget Sverige AB,SE - SWEDEN,dentway.no
DerkeTek ApS,DK - DENMARK,derketek.dk
Modernhome Scandinavia ApS,DK - DENMARK,design4home.dk
Modernhome Scandinavia ApS,DK - DENMARK,design4home.no
Design Letters ApS,DK - DENMARK,designletters.com
Dessus Dessous,FR - FRANCE,dessus-dessous.fr/
Digitrading Hongkong Limited,CN - CHINA,dhgate.com/
Didgeridoo Breath,AU - AUSTRALIA,didgeridoobreath.com
DigiGamma B.V.,NL - NETHERLANDS,digigamma.com
Digi-Key Corporation,US - UNITED STATES,digikey.com/
Digisec Media Ltd,MT - MALTA,digisecmedia.com
DigitalOcean LLC,US - UNITED STATES,digitalocean.com/
Din eCigaret ApS,DK - DENMARK,din-ecigaret.dk
DinText,DK - DENMARK,dintekst.dk
Diodhuset Sverige AB,SE - SWEDEN,diodhuset.se
discimport.dk,DK - DENMARK,discimport.dk
The Walt Disney Company (Benelux),NL - NETHERLANDS,disneyplus.com/
"B.V.
VELAORN LIMITED",CY - CYPRUS,divambee.com
Divine Line KB,SE - SWEDEN,divinedog.se
MatildaDjerf Design AB,SE - SWEDEN,djerfavenue.com
MatildaDjerf Design AB,SE - SWEDEN,djerfavenue.com/no/
Elektriciteit Paul De Meutter CV,BE - BELGIUM,dmlights.com
Star Srl,IT - ITALY,doctorlens.com/
NOUROM&DOENVANG,SE - SWEDEN,doenvang.com
Fasting Solutions UAB,LT - LITHUANIA,dofasting.com/
ATRANDILO LIMITED,CY - CYPRUS,dontstoptracks.com
Dorado Online Games Limited,MT - MALTA,doradogames.com
Ravened Limited,GB - UNITED KINGDOM,dorkblast.com
"Endurance International Group - West,",US - UNITED STATES,dotster.com
"Inc.
DPlay Entertainment Ltd",GB - UNITED KINGDOM,dplay.no/
Dragonheart Art,CA - CANADA,dragonheartart.com
Raw Roots & Dreadheadshop,DK - DENMARK,dreadheadshop.dk
By Falkenberg IvS,DK - DENMARK,dreambag.dk
Droenit Europe AB,SE - SWEDEN,droneit.se/sv/
Dropbox International Unlimited,IE - IRELAND,dropbox.com
"Company
Dutch Expat Shop",NL - NETHERLANDS,dutchexpatshop.com/
Dyrenes No.1,DK - DENMARK,dyrenesno1.dk
Dyreverdenen,DK - DENMARK,dyreverdenen.dk/
e-resistible business group sweden HB,SE - SWEDEN,e-resistible.se
E-Stim Systems Ltd,GB - UNITED KINGDOM,e-stim.co.uk
E-voke,DK - DENMARK,e-voke.dk
EA Swiss Sarl,CH - SWITZERLAND,ea.com
Flowcup AB,SE - SWEDEN,earthcup.se
Bop LLC,US - UNITED STATES,eastdane.com
EASY SURF Bartosz Grzesiek,PL - POLAND,easy-surfshop.com
Hippoholic Eva Rubin AB,SE - SWEDEN,easyboot.nu
eBay Marketplaces GmbH,CH - SWITZERLAND,ebay.com/
Niesan Trading & Import,DK - DENMARK,ebikescooter.com
ECHOVOX SA,CH - SWITZERLAND,echovox.com
Ecoharmony Ltd,GB - UNITED KINGDOM,ecoharmony.co.uk
Economist Digital Services Limted,GB - UNITED KINGDOM,economist.com
Edblad & Co AB,SE - SWEDEN,edblad.com
Efuma ApS,DK - DENMARK,efuma.com
E-STAR CIGARETTE UK LIMITED,GB - UNITED KINGDOM,el-smoking.co.uk/
FLOKIAR LIMITED,CY - CYPRUS,electrdealz.com
Electrokit Sweden AB,SE - SWEDEN,electrokit.com
"Ellation, Inc.",US - UNITED STATES,ellation.com/
Elministeren.dk ApS,DK - DENMARK,elministeren.dk
Elodie Details AB,SE - SWEDEN,elodiedetails.com
EVO MOTION SRL,IT - ITALY,emlineamoto.com
Designzoo Sp. z o. o. EMPTY WALL,PL - POLAND,emptywall.store
Ashworth and Parker Limited,GB - UNITED KINGDOM,endclothing.com/gb/
P.D.R Solutions (U.S) LLC,US - UNITED STATES,endurance.com
"The Endurance International Group, Inc. US - UNITED STATES",,endurance.com
TAMEXOR LIMITED,CY - CYPRUS,enjoyallday.com
Epic Games International S.A r.l.,GB - UNITED KINGDOM,epicgames.com
Banana Fingers Limited,GB - UNITED KINGDOM,epictv.com/
KIULERN LIMITED,CY - CYPRUS,eprizedrop.com
FLOKIAR LIMITED,CY - CYPRUS,eprizedrop4u.com
BOCIESH LIMITED,CY - CYPRUS,eprizedropclub.com
GYRAPEL LIMITED,CY - CYPRUS,eprizevip.com
EQ Gruppen Aktiebolag,SE - SWEDEN,eqcigs.com
EQ Gruppen Aktiebolag,SE - SWEDEN,eqcigs.se
KIULERN LIMITED,CY - CYPRUS,eshop4us.com
GYRAPEL LIMITED,CY - CYPRUS,eshoprizedrop.com
BOCIESH LIMITED,CY - CYPRUS,eshopvipclub.com
ESPN SPORTS MEDIA LIMITED,GB - UNITED KINGDOM,espnplayer.com/
Estrid Sweden AB,SE - SWEDEN,estrid.com/
esug.dk af 2018 ApS,DK - DENMARK,esug.dk
Stranten Limited,GB - UNITED KINGDOM,etechdealz.com
Antonios Ntinoudis,GR - GREECE,ethnasia.com
Educational Testing Service,US - UNITED STATES,ets.org/
Etsy Ireland UC,IE - IRELAND,etsy.com
Manduka B.V.,NL - NETHERLANDS,eu.manduka.com
Riot Games Limited,IE - IRELAND,eune.leagueoflegends.com
EURO 4X4 PARTS,FR - FRANCE,euro4x4parts.com
EuroFrance s.c. M.Bednarczyk K.Kruczek PL - POLAND,,eurofrance24.com
Scandinavian Security Service AB,SE - SWEDEN,eurosecure.com
Eurotax Payback AB,SE - SWEDEN,euroshop.shop
EUROSTEP COMMERCE SRL,IT - ITALY,eurostep.it
Piffe legetoj en gros ApS,DK - DENMARK,eurotoys.dk
Evernote GmbH,CH - SWITZERLAND,evernote.com
NOLINGO Ehandel AB,SE - SWEDEN,evofilm.no
QATORO LIMITED,CY - CYPRUS,exceedgames.com
Ultimate Sports Engineering Ltd,GB - UNITED KINGDOM,exposurelights.com
Eyeonid Group AB,SE - SWEDEN,eyeonid.com
Eytys AB,SE - SWEDEN,eytys.com
Ezee Trading ApS,DK - DENMARK,ezee-e.dk
Ezen Network Inc,US - UNITED STATES,ezennetwork.com
Ezviz Inc.,US - UNITED STATES,ezvizlife.com
FabricMinds,DK - DENMARK,fabricminds.com
FACEBOOK PAYMENTS,IE - IRELAND,facebook.com
"INTERNATIONAL LTD
FACE IT LIMITED",GB - UNITED KINGDOM,faceit.com
FAMOUS FOUR PRODUCTS LIMITED,GB - UNITED KINGDOM,famousfour.co.uk
Fanatics (International) Limited,GB - UNITED KINGDOM,fanatics.co.uk/stores/fanatics/en
Holmegruppen ApS,DK - DENMARK,fashiongirl.no/
Fashion Society,DK - DENMARK,fashionsociety.dk/
FastSpring,US - UNITED STATES,fastspring.com
FC Bayern Munchen AG,DE - GERMANY,fcbayern.com/shop/de
FC Spinner ApS,DK - DENMARK,fcspinner.dk
JKZ Trading ApS,DK - DENMARK,fedepriser.dk/shop/frontpage.html
FEELUNIQUE INTERNATIONAL LIMITED GB - UNITED KINGDOM,,feelunique.com/
Streamray Inc.,US - UNITED STATES,ffn.com/
FileMaker International,GB - UNITED KINGDOM,filemaker.co.uk/
Globalstar Europe Satelitte Services Ltd,IE - IRELAND,findmespot.com/en-gb
Findroommate.dk ApS,DK - DENMARK,findroommate.dk/
FINE LITTLE DAY AB,SE - SWEDEN,finelittleday.com
Fish Street Aquarium Store,CN - CHINA,fish-goods.com
Fiskars Denmark A/S,DK - DENMARK,fiskarsgroup.com/
Fiskars Online Oy Ab,FI - FINLAND,fiskarsgroup.com/
Kasbane Limited,GB - UNITED KINGDOM,fitnestimeweb.com
ENGIVEL,CY - CYPRUS,fiveify.com
Fixa Bildelar Europa AB,SE - SWEDEN,fixabildelar.se
Lind Fjälläventyr AB,SE - SWEDEN,fjallaventyr.com
Sodemann Industrifjedre A/S,DK - DENMARK,fjedre.dk
Fjelltopp AB,SE - SWEDEN,fjelltopp.se
FJØLNER,DK - DENMARK,fjoelner.com
FJØLNER,DK - DENMARK,fjoelner.dk
Digger Streetwear Ltd t/a FLATSPOT,GB - UNITED KINGDOM,flatspot.com
Flawless Lashes Ltd,GB - UNITED KINGDOM,flawlesslashesbyloreta.com/
Fler Bollar i Luften AB,SE - SWEDEN,flerbollar.se
Flight Club New York LLC,US - UNITED STATES,flightclub.com
Flirtano GmbH,DE - GERMANY,flirtano.de
Kjetil Hagen,SE - SWEDEN,florence-hundeutstyr.no/
Flowcup AB,SE - SWEDEN,flowcup.com
Sameo Sweden AB,SE - SWEDEN,flugor.se
Flugspecialisten.se,SE - SWEDEN,flugspecialsiten.se
Flying Spares Limited,GB - UNITED KINGDOM,flyingspares.com
Flyte SIA,LV - LATVIA,flytestore.com/
Vejservice Danmark,DK - DENMARK,folieogtryk.dk
FootActive Norden,SE - SWEDEN,footactive.no
Footasylum,GB - UNITED KINGDOM,footasylum.com/
Formula One Digital Media Limited,GB - UNITED KINGDOM,formula1.com/
ARCHEMBALD ENTERPRISES LIMITED,CY - CYPRUS,forseesell.com
Fortumo OÜ,EE - ESTONIA,fortumo.com/
FORWARD2ME LTD,GB - UNITED KINGDOM,forward2me.com
Fotografit,DK - DENMARK,fotografit.eu
Foxy Locks Limited,GB - UNITED KINGDOM,foxylocks.com
Frederik Bagger ApS,DK - DENMARK,frederikbagger.com
Free Play AB,SE - SWEDEN,free-play.se
Freeletics GmbH,DE - GERMANY,freelitics.com
Reset Media Limited,GB - UNITED KINGDOM,freshlish365.com
e-resistible business group sweden HB,SE - SWEDEN,fridafritiof.se
BNC Products,DK - DENMARK,frisørlageret.dk
Fruugo.com Limited,GB - UNITED KINGDOM,fruugo.com
Fruugo.com Limited,GB - UNITED KINGDOM,fruugo.no
Frydendahl Fiskenet A/S,DK - DENMARK,frydendahl.com
FryxGames AB,SE - SWEDEN,fryxgames.se
The Financial Times Limited,GB - UNITED KINGDOM,ft.com/
Function Inc,US - UNITED STATES,functionofbeauty.com/
AZORLD LIMITED,CY - CYPRUS,fungamemob.com
IDERIOL LIMITED,CY - CYPRUS,fungamesme.com
Centiven Limited,GB - UNITED KINGDOM,funguava.com
Skreenback Limited,GB - UNITED KINGDOM,funtonik365.com
FutureLearn Limited,GB - UNITED KINGDOM,futurelearn.com
Forward by Elyse Walker LLC,US - UNITED STATES,fwrd.com/
G-Star Raw eStore B.V.,NL - NETHERLANDS,g-star.com
Instantkeys Limited,HK - HONG KONG,game-deals.com/
Gameforge 4D GmbH,DE - GERMANY,gameforge.com
LEFERA LIMITED,CY - CYPRUS,gamerrush.com
PAVICIAN LIMITED,CY - CYPRUS,gamesrgreat.com
YESTROL LIMITED,CY - CYPRUS,gaminhacks.com
Gamma Entertainment Inc,CA - CANADA,gammae.com
GLOZERIA LIMITED,CY - CYPRUS,gamsfun.com
Garden Glory AB,SE - SWEDEN,gardenglory.com
Garmin (Europe) Ltd,GB - UNITED KINGDOM,garmin.com
Garmin Würzburg GmbH,DE - GERMANY,garmin.de
Interteko AB Surahammar,SE - SWEDEN,garphyttan.com/
Gavlhuset,DK - DENMARK,gavlhuset.dk/
Galleri Brænderigården ApS,DK - DENMARK,gb-h.dk
GEARBEST HONG KONG LIMITED,HK - HONG KONG,gearbest.com
Gedin Studio AB,SE - SWEDEN,gedinstudio.se
Gedin Studio AB,SE - SWEDEN,gedinstudiowebshop.se
Gentle And Rose LTD,BG - BULGARIA,gentleandrose.com/
"Groundspeak, Inc.",US - UNITED STATES,geocaching.com
Getaround SAS,FR - FRANCE,getaround.com/
KIULERN LIMITED,CY - CYPRUS,getelectro247.com
ATRANDILO LIMITED,CY - CYPRUS,getgamesfun.com
EVELEX LIMITED,CY - CYPRUS,getmusicmix.com
SketchBox LLC,US - UNITED STATES,getsketchbox.com
Getty Images International,IE - IRELAND,gettyimages.com
Prairie IT LLC,US - UNITED STATES,getxtra-pc.io
Ghs Garden & Design AB,SE - SWEDEN,ghsgardenanddesign.se
GIANNINI SRL,IT - ITALY,gianninishoponline.com/it/
Virtetic Limited,GB - UNITED KINGDOM,gimmickspree.com
Global-e France SAS,FR - FRANCE,global-e.com
Global-e NL B.V.,NL - NETHERLANDS,global-e.com
Globale U.K. Ltd,GB - UNITED KINGDOM,global-e.com
¿ Global-e US Inc.,US - UNITED STATES,global-e.com
JD Sports Fashion Ltd,GB - UNITED KINGDOM,global.jdsports.com
Catulus Company Limited,HK - HONG KONG,globalpilotshop.com
Globalstar Europe Satelitte Services Ltd,IE - IRELAND,globalstar.com/en-gb
Glorious Games Group AB,SE - SWEDEN,gloriousgamesgroup.com
Glossybox Sweden AB,SE - SWEDEN,glossybox.no
Glossybox Sweden AB,SE - SWEDEN,glossybox.se
Dyreverdenen,DK - DENMARK,gnaververdenen.dk/
"1661, Inc.",US - UNITED STATES,goat.com
GoDaddy Europe Domains Ltd,GB - UNITED KINGDOM,godaddy.com
"GoDaddy.com, LLC",GB - UNITED KINGDOM,godaddy.com
"Media Temple, Inc.",GB - UNITED KINGDOM,godaddy.com
"Wild West Domains, LLC",GB - UNITED KINGDOM,godaddy.com
GOG Sp. z.o.o.,PL - POLAND,gog.com/
Altigi GmbH,DE - GERMANY,goodgamestudios.com/de/
Google Voice Inc,US - UNITED STATES,google.com
Isabell Mayenknecht Strickanleitungen,DE - GERMANY,google.com
AVILASA SANCHO SL,ES - SPAIN,gorrosquirofano.com
IDERIOL LIMITED,CY - CYPRUS,greatmusica.com
Greencats.dk,DK - DENMARK,greencats.dk/
Greenlight Battery Aps,DK - DENMARK,greenlight.dk
Green Man Gaming Limited,GB - UNITED KINGDOM,greenmangaming.com
Media Marketing Scandinavia AB,SE - SWEDEN,greentex.se
Datemig ApS,DK - DENMARK,greitdate.no/
Griffle,DK - DENMARK,griffle.dk
YOUZU GAMES HONGKONG LIMITED,HK - HONG KONG,gtarcade.com
Hairstory Products UK Ltd,GB - UNITED KINGDOM,hairstory.com
Hajk Clothing Sverige AB,SE - SWEDEN,hajkclothing.com
Woodteam Group AB,SE - SWEDEN,handymantools.se
Norhult Sweden AB,SE - SWEDEN,hangmatta.com
H.G.Hannant,GB - UNITED KINGDOM,hannants.co.uk
Happy Socks AB,SE - SWEDEN,happysocks.com
HARLEY DAVIDSON RETAIL B.V.,NL - NETHERLANDS,harley-davidson.com
HATCH Collection,US - UNITED STATES,hatchcollection.com/
HAVE A LOOK ApS,DK - DENMARK,havealook.dk/
HAVE A LOOK ApS,DK - DENMARK,havealook.no/
Askovgaard,DK - DENMARK,havemoebelovertraek.dk
Universal Pictures Subscription,GB - UNITED KINGDOM,hayu.com
"Television Limited
HBO Nordic AB",SE - SWEDEN,hbonordic.com
NULIZAN LIMITED,CY - CYPRUS,hdplay247.com
hearthandsoul ApS,DK - DENMARK,hearthandsoul.dk
Congty TNHH Hearts and Found,VN - VIET NAM,heartsandfound.com
HebeHome,DK - DENMARK,hebehome.dk
Hedens Hørgarn & Moravia,DK - DENMARK,hedenshoergarn@mail.dk
Dalum blæk og hobby,DK - DENMARK,heidishobby.dk
Helinox Europe BV,NL - NETHERLANDS,helinox.eu
Popsoda Ltd,GB - UNITED KINGDOM,hellbunny.com
Hello Baby Ltd,GB - UNITED KINGDOM,hellobabydirect.com
Pbtuma AB,SE - SWEDEN,hemmetshjarta.se
Galleri Brænderigården ApS,DK - DENMARK,hennetec.dk
HETZNER ONLINE GMBH,DE - GERMANY,hetzner.com
K&S Technology Ltd,GB - UNITED KINGDOM,hifiheadphones.co.uk
Dot Com Limited,GG - GUERNSEY,highlandtitles.com
Hihopia,SE - SWEDEN,hihopia.com
Ayisah Sweden AB,SE - SWEDEN,hijabfactory.no
Ayisah Sweden AB,SE - SWEDEN,hijabfactory.se
HISTORLY AB,SE - SWEDEN,historly.se
Medisol BV,NL - NETHERLANDS,hjertestarter-norske.com/
HobbyLink Japan,JP - JAPAN,hlj.com
HOJSTYLING SWEDEN,SE - SWEDEN,hojstyling.se
Taisho ApS,DK - DENMARK,holmtaiki.com
Holst Garn,DK - DENMARK,holstgarn.dk
EG VACATION RENTALS IRELAND,IE - IRELAND,homeaway.co.uk
"LIMITED
HomeAway UK Ltd",GB - UNITED KINGDOM,homeaway.co.uk
HomeAway.com Inc,US - UNITED STATES,homeaway.com
Home Junkie,DK - DENMARK,homejunkie.dk
GLOZERIA LIMITED,CY - CYPRUS,hooplazone.com
Hootsuite Media Inc.,CA - CANADA,hootsuite.com
Horizn Studios GmbH,DE - GERMANY,horizn-studios.com/en/
Hörnan i Strömstad AB,SE - SWEDEN,hornan.com
Hornby Hobbies Limited,GB - UNITED KINGDOM,hornby.com
HostGator.com LLC,US - UNITED STATES,hostgator.com
Prentash Limited,GB - UNITED KINGDOM,hotdealz247.com
HQ Entertainment Network GmbH & Co.,AT - AUSTRIA,hqbill.net
"KG
Steffen Boehm",DE - GERMANY,hrrecords.de
Various Inc.,US - UNITED STATES,http//ffn.com/
Social Online Payments Limited,CY - CYPRUS,http:/badoo.com
Aspiegel Limited,IE - IRELAND,huaweimobileservices.com/
"Humble Bundle, Inc",US - UNITED STATES,humblebundle.com
ENGIVEL,CY - CYPRUS,hutuno.com
Hyrenbostad internetgruppen 2013 AB,SE - SWEDEN,hyrenbostad.se/
Hækleboksen I/S,DK - DENMARK,hækleboksen.dk
Accessory Line International Sweden AB,SE - SWEDEN,høreapparatbatteributikken.no
i1 Adrioli AB,SE - SWEDEN,i1shopy.no
i1 Adrioli AB,SE - SWEDEN,i1shopy.se
ICF Tech EU B.V.,NL - NETHERLANDS,icftech.nl
individual Computers Jens Schönfeld,DE - GERMANY,icomp.de
"GmbH
The Institute Of Electrical and",US - UNITED STATES,ieee.org/index.html?wt.mc_id=hpf_logo
"Electronics Engineers
iGlobal Stores",US - UNITED STATES,iglobal.io
"iHerb, LLC",US - UNITED STATES,iherb.com
Imatech Marin & Industri AB,SE - SWEDEN,imatech.com
"IMDb.com, Inc.",US - UNITED STATES,imdb.com
ATRANDILO LIMITED,CY - CYPRUS,imediabundle.com
Imkey B.V.,NL - NETHERLANDS,imkey.nl
iMusic A/S,DK - DENMARK,imusic.dk
AstorSafaei AB,SE - SWEDEN,indigoshair.se
JEOLIOR LIMITED,CY - CYPRUS,infinitefunstuff.com
ZILOQ LIMITED,CY - CYPRUS,infnite-fun.com
The Danish Pipe Shop Aps,DK - DENMARK,info@danishpipeshop.com
Informa UK Limited,GB - UNITED KINGDOM,informa.com
Inkbox Ink Incorporated,CA - CANADA,inkbox.com
InnoGames GmbH,DE - GERMANY,innogames.com
INSIDEOUT,FR - FRANCE,insideout.fr
Hojka,DK - DENMARK,instagram.com/unikoyarns/
SRENOLI LIMITED,CY - CYPRUS,instantwebwatch.com
Interglas ApS,DK - DENMARK,interglas.dk
InterNations GmbH,DE - GERMANY,internations.org
Internet Q Telecommunication and,GR - GREECE,internetq.com
"Internet Services S.A.
Interyard GmbH",DE - GERMANY,interyard.de
In the Style Fashion Limited,GB - UNITED KINGDOM,inthestyle.com
"iRacing.com Motorsport Simulations, LL",US - UNITED STATES,iracing.com
"C
IRL Digital Ltd",GB - UNITED KINGDOM,irlmerch.com/
Uddevalla Damputstyr AB,SE - SWEDEN,ismokeking.se
Ison Distribution Ltd,GB - UNITED KINGDOM,ison-distribution.com
TAMEXOR LIMITED,CY - CYPRUS,itisfuntime.com
itsmay.dk,DK - DENMARK,itsmay.dk
DOETICAN LIMITED,CY - CYPRUS,jabberfeed.com
Jackson's Art Supplies Ltd,GB - UNITED KINGDOM,jacksonsart.com
Jagex Limited,GB - UNITED KINGDOM,jagex.com
DAVID MANNERS LTD,GB - UNITED KINGDOM,jagspares.co.uk
jajalive,DK - DENMARK,jajalive.com
Japan Crate,US - UNITED STATES,japancrate.com
Sugoi Mart,JP - JAPAN,japancrate.com
Japanese Paper Company,SE - SWEDEN,japanesepapercompany.com
Ib Trading IVS,DK - DENMARK,japebo.dk
Jap Tuning AB,SE - SWEDEN,japtuning.se
AZORLD LIMITED,CY - CYPRUS,jazzrush.com
JDI Backup Limited,GB - UNITED KINGDOM,jdibackup.com
JD Sports Fashion Ltd,GB - UNITED KINGDOM,jdplc.com
JD Williams and Company Limited,GB - UNITED KINGDOM,jdwilliams.co.uk/
Jellycat Limited,GB - UNITED KINGDOM,jellycat.com
Jelon e-trade AB,SE - SWEDEN,jelon.se
Jernhest Sweden AB,SE - SWEDEN,jernhest.se/sv/
Jetcarrier INC,US - UNITED STATES,jetcarrier.com
JH Beauty AB,SE - SWEDEN,jhbeautyshop.com
Jernhest Sweden AB,SE - SWEDEN,jhstore.se/sv/
"Jinx, Inc.",US - UNITED STATES,jinx.com
Jivalo AB,SE - SWEDEN,jivalo.se
Guangzhou Jogon Auto Supplies Co. Ltd,CN - CHINA,jogonautomotive.com
John Craddock Ltd,GB - UNITED KINGDOM,johncraddockltd.co.uk/
Journi GmbH,AT - AUSTRIA,journiapp.com
Juels.dk,DK - DENMARK,juels.dk
Sjöklint Agenturer AB,SE - SWEDEN,juicycouture.se
Jukserei,DE - GERMANY,jukserei.dk/
Jules B Limited,GB - UNITED KINGDOM,julesb.co.uk
Junkyard AB,SE - SWEDEN,junkyard.com
Junkyard AB,SE - SWEDEN,junkyard.no
1705 A/S,DK - DENMARK,justhairclips.no
Babel ApS,DK - DENMARK,justkiss.com
BNC Products,DK - DENMARK,jyskfrisørlager.dk
Kaffekompagniet,DK - DENMARK,kaffekompagniet.com
Lombia Limited,GB - UNITED KINGDOM,kaiawebshop24.com
SMAX Ventures AB,SE - SWEDEN,kamadosumo.se
KAM Racing,GB - UNITED KINGDOM,kamracing.co.uk
Karenmillen.com Limited,GB - UNITED KINGDOM,karenmillen.com
KARMAMIA Copenhagen ApS,DK - DENMARK,karmamiacph.com
Savantini Ltd,GB - UNITED KINGDOM,kegel8.co.uk
Keto Diets UAB,LT - LITHUANIA,ketocycle.diet
Kewsan Textile and more AB,SE - SWEDEN,kewsan.com
KG Import ApS,DK - DENMARK,kgi.dk
Draco Distribution Ltd,GB - UNITED KINGDOM,killstar.com
King.com Limited,MT - MALTA,king.com
Kingbo,DK - DENMARK,kingbo.dk
KingsIsle Entertainment Incorporated,US - UNITED STATES,kingsisle.com
WOERINS LIMITED,CY - CYPRUS,kingvideogame.com
Star Srl,IT - ITALY,klepsoo.com/
Klevgränd Produkter AB,SE - SWEDEN,klevgrand.se
Klitmøller Collective Aps,DK - DENMARK,klitmollercollective.dk
Knitting for Olive ApS,DK - DENMARK,knittingforolive.com
Knitting for Olive ApS,DK - DENMARK,knittingforolive.dk
Bogstags Webbhandel,SE - SWEDEN,knivmaterial.se
NG PARTNERS AB,SE - SWEDEN,kondomvarehuset.no
Kongregate Inc,US - UNITED STATES,kongregate.com
Kopperiet,DK - DENMARK,kopperiet.dk/
Kor Bo AB,SE - SWEDEN,korbo.se
KORK.PL Adam Szczesniak Marek,PL - POLAND,kork24.no/
"Szczesniak s.c.
KreStoffer",DK - DENMARK,krestoffer.dk
UAB Silver Dream,LT - LITHUANIA,kristalai.lt
Sportswear by Matilda & Anna,SE - SWEDEN,kristina@mojatennis.com
DOETICAN LIMITED,CY - CYPRUS,kwivee.com
La Cabra Coffee ApS,DK - DENMARK,lacabra.dk
Lace Laboratory,SE - SWEDEN,lacelaboratory.com/
LadyBalance ApS,DK - DENMARK,ladybalance.dk
LAKOR Soulwear ApS,DK - DENMARK,lakor.dk
Lalaby ApS,DK - DENMARK,lalaby.com
L'amourbox ApS,DK - DENMARK,lamourbox.dk/
LA PASSIONE SRL,IT - ITALY,lapassione.cc
Lapp-Elisa Quilts,SE - SWEDEN,lapp-elisa.com/
Kulla Handel UG haftungsbeschränkt,DE - GERMANY,larp-butikk.com
Laugar of Sweden AB,SE - SWEDEN,laugar.se
LAWA DESIGN,DK - DENMARK,lawadesign.dk
mrkk aps,DK - DENMARK,lednordic.no
Bolig.dk ApS,DK - DENMARK,lejebolig.dk
LennarDigital,NL - NETHERLANDS,lennardigital.com
MOBIO EOOD,BG - BULGARIA,lenormandskort.com
Les Mills Media Limited,NZ - NEW ZEALAND,lesmills.com
Let's deal AB,SE - SWEDEN,letsdeal.no
Virtetic Limited,GB - UNITED KINGDOM,letzhearit.com
Vensa / Leveso,DK - DENMARK,leveso.dk
Nutribrand LTD,GB - UNITED KINGDOM,lifestylevitamins.co.uk
Bengt Märs AB,SE - SWEDEN,lignu.se
Likehome ApS,DK - DENMARK,likehome.dk
Lily Tiger HB,SE - SWEDEN,lilytiger.com/
Linden Research Inc,US - UNITED STATES,lindenlab.com
LINEA G,DK - DENMARK,lineagcph.com
LinkedIn Ireland,IE - IRELAND,linkedin.com
LV Liquids AB,SE - SWEDEN,liquidvoyage.eu/
"Liquid Web, LLC",US - UNITED STATES,liquidweb.com
LiveArena TV Production AB,SE - SWEDEN,livearena.com
QUILDERN LIMITED,CY - CYPRUS,liveplayz.com
QUILDERN LIMITED,CY - CYPRUS,liveplayznow.com
FLOKIAR LIMITED,CY - CYPRUS,liveshopdealz.com
Stiftelsen Livets Ord,SE - SWEDEN,livetsord.se
FloraPren GmbH,DE - GERMANY,lixum.de/
FloraPren GmbH,DE - GERMANY,lixum.no/
LN-CC ITALIA SRL,IT - ITALY,ln-cc.com/en/
Lockenbox UG,DE - GERMANY,lockenbox.com
LogMeIn Ireland Limited,IE - IRELAND,logmein.com
Nordic Edge ApS,DK - DENMARK,lolaramona.com/
Aitos International Ltd,MT - MALTA,lommebokbutikken.no/
Loopia AB,SE - SWEDEN,loopia.se
Ístex hf.,IS - ICELAND,lopidraumur.is/
Fashion Society,DK - DENMARK,lovechild1979.com/
Love Forever AB,SE - SWEDEN,loveforever.se
"iHerb, LLC",US - UNITED STATES,loveletter.iherb.com/
Löwengrip Beauty AB,SE - SWEDEN,lowengrip.com/
Lowwi AB,SE - SWEDEN,lowwi.se
Lucky Health Group Inc,US - UNITED STATES,luckyvitamin.com
Mr-Parts Sweden AB,SE - SWEDEN,luftfjadring24.se/
LUISA VIA ROMA S.P.A.,IT - ITALY,luisaviaroma.com
Luksushund ApS,DK - DENMARK,luksushund.dk
"Lumos Labs, Inc.",US - UNITED STATES,lumosity.com
Luxe Life Ltd,GB - UNITED KINGDOM,luxetokill.com
Avacci Telagio Pvt Ltd,IN - INDIA,luxire.com
Star Srl,IT - ITALY,luxties.com/
LYRA SWIMWEAR,GB - UNITED KINGDOM,lyraswimweaer.com
mrkk aps,DK - DENMARK,lyshygge.dk
Måttefabrikken ApS,DK - DENMARK,maattefabrikken.dk
Mackabler.dk I/S,DK - DENMARK,mackabler.dk
Mackabler.dk I/S,DK - DENMARK,mackabler.no
Macmillan Subscriptions Limited,GB - UNITED KINGDOM,macmillan.com/
MadebyBE,SE - SWEDEN,madebybe.se
Prof Nutrition BV,NL - NETHERLANDS,magminor.com
Magnetz og Magnordic ApS,DK - DENMARK,magnordic.com
The Rocket Science Group,US - UNITED STATES,mailchimp.com
Mainline Menswear Limited,GB - UNITED KINGDOM,mainlinemenswear.co.uk/
Maj-Design,DK - DENMARK,maj-design.dk
Malco AB,SE - SWEDEN,malco.se
Maniere De Voir,GB - UNITED KINGDOM,manieredevoir.com
TERRANOVA SRL,IT - ITALY,mareshop.eu
Markberg ApS,DK - DENMARK,markberg.com
Fezzil Limited,GB - UNITED KINGDOM,martquality4u.com
"Marvel Worldwide, Inc",US - UNITED STATES,marvel.com/comics/unlimited
Massive Media Match NV,BE - BELGIUM,massivemedia.eu/
Match.com Nordic AB,SE - SWEDEN,match.com
The Mathworks AB,SE - SWEDEN,mathworks.com
Mavegant AB,SE - SWEDEN,mavegant.se
Maxton Design Ltd,GB - UNITED KINGDOM,maxtondesign.co.uk
Maya Delorez AB,SE - SWEDEN,mayadelorez.com
MayBeauty LTD,MT - MALTA,maybeauty.no
McAfee Ireland Ltd,IE - IRELAND,mcafee.com
MC Butikken ApS,DK - DENMARK,mcbutikken.dk
Consum-Ex ApS,DK - DENMARK,meatlover.dk
FALIMER LIMITED,CY - CYPRUS,mediadrizzle.com
Silver Diversity Limited,GB - UNITED KINGDOM,medialump.com
RIZENIA LIMITED,CY - CYPRUS,mediamince.com
MediaCom LTD,GB - UNITED KINGDOM,mediaproff.store
AZORLD LIMITED,CY - CYPRUS,mediasoak.com
Media Websolutions B.V.,NL - NETHERLANDS,mediawebsolutionsbv.com
LEFERA LIMITED,CY - CYPRUS,mediaztream.com
Mediconline Sverige AB,SE - SWEDEN,mediconline.no
Mega Limited,NZ - NEW ZEALAND,mega.nz
FESOREX LIMITED,CY - CYPRUS,megabiggiant.com
Serviceklub.dk ApS,DK - DENMARK,megaspar.no
Mehrotra Sthlm AB,SE - SWEDEN,mehrotrasthlm.com/
VELISAR LIMITED,CY - CYPRUS,melodyways.com
Memmo Family AB,SE - SWEDEN,memmo.me
Meotine ApS,DK - DENMARK,meotine.com
Riot Games Ireland Merchandise Limited IE - IRELAND,,merch.riotgames.com/en_gb/
Desto Aps,DK - DENMARK,metermeter.dk
MG Biketec GmbH.,AT - AUSTRIA,mg-biketec.com
TERRANOVA SRL,IT - ITALY,mhzoutdoor.com
DBS Online Limited,GB - UNITED KINGDOM,milled.com/dbs-online-ltd
Milsta Quarterhorse Handelsbolag,SE - SWEDEN,milsta.se
Mimeo Inc,US - UNITED STATES,mimeo.com
Mimmi Kapell AB,SE - SWEDEN,mimmikapell.se
My Best Book ApS,DK - DENMARK,minbestebok.no
Viable Business Group,DK - DENMARK,mindesmykke.dk
Viable Business Group,DK - DENMARK,mindiamant.dk
MineMundbind,DK - DENMARK,minemundbind.dk
Minta ApS,DK - DENMARK,minta.dk
Mirago Media AB,SE - SWEDEN,miragomedia.com
Varadi & Co AB,SE - SWEDEN,miss-candyfloss.com/
Miss Pap UK Limited,GB - UNITED KINGDOM,misspap.com
Mistpool Oy,FI - FINLAND,mistpool.com
GLOZERIA LIMITED,CY - CYPRUS,mixosmelodies.com
Moalem Trading,DK - DENMARK,moalemtrading.com
Mojang AB,SE - SWEDEN,mojang.com
Molenaar Edition B.V.,NL - NETHERLANDS,molenaar.com
EUROSTEP COMMERCE SRL,IT - ITALY,moleskine.com
All Things Commerce Helsinki Oy,FI - FINLAND,moomin.com
Moon Climbing Ltd,GB - UNITED KINGDOM,moonclimbing.com
Moskitofree Norden / M.Åsmundhavn AB SE - SWEDEN,,moskitofree.se
Mötesplatsen i Norden AB,SE - SWEDEN,motesplatsen.se
Ride All Day AB,SE - SWEDEN,motoproworks.com
Mountain Pass Holdings,CA - CANADA,mountainpassperformance.com
Mous Products Ltd,GB - UNITED KINGDOM,mous.co
MSP Emea ApS,DK - DENMARK,moviestarplanet.com
MSP Noa Aps,DK - DENMARK,moviestarplanet.com
Mozy International Limited,IE - IRELAND,mozy.com/#slide-11
MP House a.s.,CZ - CZECH REPUBLIC,mphouse.eu
YOOX NET-A-PORTER GROUP S.P.A.,IT - ITALY,mrporter.com
YESTROL LIMITED,CY - CYPRUS,musicaim.com
JERLINCO LIMITED,CY - CYPRUS,musicgecko.com
FALIMER LIMITED,CY - CYPRUS,musicmixist.com
TAMEXOR LIMITED,CY - CYPRUS,musictunesnow.com
MGL My.com (Cyprus) Limited,CY - CYPRUS,my.com
My.com,NL - NETHERLANDS,my.com
EGOREL LIMITED,CY - CYPRUS,myaudiozone.com
My Daily Choice BV,NL - NETHERLANDS,mydailychoice.com/
Diabetes Solutions UAB,LT - LITHUANIA,mydiabetes.diet/
Serifon Limited,GB - UNITED KINGDOM,myfamlyfun.com
JERLINCO LIMITED,CY - CYPRUS,myfun247.com
VELISAR LIMITED,CY - CYPRUS,mygameblend.com
Gate Ground Limited,GB - UNITED KINGDOM,mygamesfun.com
MyHeritage Ltd.,IL - ISRAEL,myheritage.com
"MyLO Development, LLC",US - UNITED STATES,mylio.com
Glade & Wilberg GbR,DE - GERMANY,myproudmountain.com
Glade & Wilberg GbR,DE - GERMANY,myproudmountainshop.com
MyStone.dk,DK - DENMARK,mystone.dk
MyStone.dk,DK - DENMARK,mystonebrukskunst.no
RIZENIA LIMITED,CY - CYPRUS,mytunesplay.com
"Access USA Shipping, LLC",US - UNITED STATES,myus.com
Nailmania Aps,DK - DENMARK,nailmania.dk
Fashion Society,DK - DENMARK,najalauf.com/
Nasty Gal limited,GB - UNITED KINGDOM,nastygal.com
Nutribrand LTD,GB - UNITED KINGDOM,natren.org.uk
OnlineGruppen,DK - DENMARK,nauticum.shop
Navionics Srl A Socio Unico,IT - ITALY,navionics.com
E-baby A/S,DK - DENMARK,navnesmokken.no
"NBA Properties, Inc.",US - UNITED STATES,nba.com
NBC Sports Gold LLC,US - UNITED STATES,nbcsports.com/gold
Nordic Entertainment Group Sweden AB,SE - SWEDEN,nentgroup.com
Nerdvault.dk,DK - DENMARK,nerdvault.dk/
NERIS Analytics Limited,GB - UNITED KINGDOM,nerisanalytics.com/
Nest Labs (Europe) Ltd,IE - IRELAND,nest.com/
The Net-A-Porter Group Limited,GB - UNITED KINGDOM,net-a-porter.com
Netflix International BV,NL - NETHERLANDS,netflix.com
Netgear International Ltd,IE - IRELAND,netgear.com
Netlens Scandinavia AB,SE - SWEDEN,netlens.no
Netlens Scandinavia AB,SE - SWEDEN,netlens.se
Never Brands AB,SE - SWEDEN,nevermonday.com
Never Not Knit,DK - DENMARK,nevernotknit.dk
New Look Retailers Limited,GB - UNITED KINGDOM,newlook.com/
Nexon America Inc.,US - UNITED STATES,nexon.com
Next Love Limited,MT - MALTA,nextlove.no
NEXWAY SAS,FR - FRANCE,nexway.com/
OverTier Operations,KY - CAYMAN ISLANDS,nflgamepass.com/en
NIBE AB,SE - SWEDEN,nibe.se
Niche Coffee Ltd,GB - UNITED KINGDOM,nichecoffee.co.uk
Nillas Handelsbod i Katrineholm AB,SE - SWEDEN,nillas.se/
Nintendo of Europe GmbH,DE - GERMANY,nintendo.de/
NNG Kft.,HU - HUNGARY,nng.com/
FEELUNIQUE INTERNATIONAL LIMITED GB - UNITED KINGDOM,,no.feelunique.com/
Napster Luxembourg S.a.r.l.,LU - LUXEMBOURG,no.napster.com
LM Noella Fashion IVS,DK - DENMARK,noellafashion.dk/
Nofred,DK - DENMARK,nofred.com
HORVEOT LIMITED,CY - CYPRUS,nonestoptunes.com
Noom Inc,US - UNITED STATES,noom.com
NOOMI Stockholm,SE - SWEDEN,noomistockholm.com
Lind Fjälläventyr AB,SE - SWEDEN,nordicadventure.com
NG PARTNERS AB,SE - SWEDEN,nordicagolf.no
Nordic Balloon and Events ApS (NBE),DK - DENMARK,nordicballoon.com
Nordic Light Sweden AB,SE - SWEDEN,nordiclightvape.com
Nordic Balloon and Events ApS (NBE),DK - DENMARK,nordiclooners.com
Nordicshoepeople,DK - DENMARK,nordicshoepeople.com
Nordic Vet Shop co/Dyrlæge,DK - DENMARK,nordicvetshop.com
"Nordrehaug
nordvpn S.A.",NL - NETHERLANDS,nordvpn.com
Now2New,SE - SWEDEN,norge.wowfator.se
Aluvita UAB,LT - LITHUANIA,norgessigaretten.com
North Star Military Figures Limited,GB - UNITED KINGDOM,northstarfigures.com
NOUROM&DOENVANG,SE - SWEDEN,nourom.com
NSI Holdings LTD,GB - UNITED KINGDOM,nsiholdingsltd.com/
NTH AG,CH - SWITZERLAND,nth.ch
NTH MOBILE LIMITED,MT - MALTA,nth.ch
Happy Three Friends AB,SE - SWEDEN,nudient.no/
Fashion Society,DK - DENMARK,nuenotes.com/
NUORI ApS,DK - DENMARK,nuori.com
Moalem Trading,DK - DENMARK,oakoutdoor.dk
Sea Teach Ltd,GB - UNITED KINGDOM,oceanchandlery.com
Facebook Technologies Ireland Ltd,IE - IRELAND,oculus.com/legal/about-us
Andover Norton International Ltd,GB - UNITED KINGDOM,office@andover-norton.co.uk
Humor Rainbow Inc,US - UNITED STATES,okcupid.com
OLI PRIK,DK - DENMARK,oliprik.dk
OLI PRIK,DK - DENMARK,oliprik.no
Olive Clothing Limited,GB - UNITED KINGDOM,oliveclothing.com
One.com Group AB,SE - SWEDEN,one.com
One97 Communications FZ-LLC,AE - UNITED ARAB,one97.com/
MC Butikken ApS,"EMIRATES
DK - DENMARK",onlineparts.dk
Kryterion Inc,US - UNITED STATES,onlineproctoring.com/
On Location Live,US - UNITED STATES,onlocationlive.com/
Artisan Organic Sweden AB,SE - SWEDEN,organicmakers.se
Organic Socks Of Scandinavia AB,SE - SWEDEN,organicsocks.se
Volkswarenhaus Heussner & Stauber,DE - GERMANY,oryxsolutions.de
"GmbH & Co. KG
Otter Products EMEA",IE - IRELAND,otterbox.ie
Star Srl,IT - ITALY,otticanet.com/
ROLLAND S.R.L.,IT - ITALY,oway.it
DRP Clothing AB,SE - SWEDEN,paapi.se
Paddle Payments Limited,IE - IRELAND,paddle.com
Paddle.Com Market Ltd,GB - UNITED KINGDOM,paddle.com/
paidwings AG,CH - SWITZERLAND,paidwings.com
Hedemann & Boesen ApS,DK - DENMARK,paintersyarn.dk
Palace Skateboards Limited,GB - UNITED KINGDOM,palaceskateboards.com
"PANDA SECURITY, S.L.",ES - SPAIN,pandasecurity.com
PaperDonkey ApS,DK - DENMARK,paperdonkey.com
Paralenz,DK - DENMARK,paralenz.com
Kingbo,DK - DENMARK,paraplybutik.dk
PAY.SUPER LTD,GB - UNITED KINGDOM,pay.super.com/
PayPro Global Inc.,CA - CANADA,payproglobal.com
Paypro Europe Limited,GB - UNITED KINGDOM,payproglobal.com
Pipeline Management - PC-MAC,DK - DENMARK,pc-mac-no.com
"Servicecenter Hellerup
SHENZHEN JDB TECHNOLOGY CO.,LTD",CN - CHINA,pcbway.com/
"Hangzhou Branch
Wontly Services Limited",GB - UNITED KINGDOM,pcmaniacstore.com
PCOW INC,US - UNITED STATES,pcowinc.com/
Pediwear Shoe Centre Online,GB - UNITED KINGDOM,pediwear.co.uk
Pegani,DK - DENMARK,pegani.dk
Pennshoppen i Göteborg,SE - SWEDEN,pennshoppen.se
Pennshoppen i Göteborg,SE - SWEDEN,penshop.se
NORDELE LIMITED,CY - CYPRUS,perfectfunn.com
Persometrics Sarl,CH - SWITZERLAND,persometrics.ch
Personlig Almanacka Nordic AB,SE - SWEDEN,personligalmanakk.no
petfoodnord.dk,DK - DENMARK,petfoodnord.dk
PetiteKnit,DK - DENMARK,petiteknit.com
PETIT STORIES STOCKHOLM AB,SE - SWEDEN,petitstories.se/
3D Production International AB,SE - SWEDEN,phonecases3d.com/
Ravened Limited,GB - UNITED KINGDOM,phonerealmz.com
Vrendergo Limited,GB - UNITED KINGDOM,phonetazia.com
Phonify B.V.,NL - NETHERLANDS,phonify.mobi
Photografica ApS,DK - DENMARK,photografica.com
Physiq Apparel,GB - UNITED KINGDOM,physiqapparel.com
Reset Media Limited,GB - UNITED KINGDOM,pickitnplay.com
Pierrot la Lune,DK - DENMARK,pierrotlalune.dk
pluspige.dk,DK - DENMARK,pige.dk
Diramode SAS,FR - FRANCE,pimkie.com
Efuma ApS,DK - DENMARK,pink-mule.com
Pixel Federation,SK - SLOVAKIA,pixelfederation.sk
Orbit Group,DK - DENMARK,pixojet.com/
QUILDERN LIMITED,CY - CYPRUS,plalane.com
TARINOT LIMITED,CY - CYPRUS,planetplaygames.com
Asia Entertainment Technology Ltd,HK - HONG KONG,play-asia.com
LOUVERON LIMITED,CY - CYPRUS,playallhere.com
JERLINCO LIMITED,CY - CYPRUS,playallthis.com
JEOLIOR LIMITED,CY - CYPRUS,playalltoday.com
TVN Digital S.A.,PL - POLAND,player.pl/sklep
Playmobil Benelux B.V.,NL - NETHERLANDS,playmobil-toys.no
Playmobil Benelux B.V.,NL - NETHERLANDS,playmobil.com
Boxwish Limited,GB - UNITED KINGDOM,playplayon101.com
Plint A/S,DK - DENMARK,plint.dk
Plugin Boutique Ltd,GB - UNITED KINGDOM,pluginboutique.com
pluspige.dk,DK - DENMARK,pluspige.dk
Plentyoffish Media ULC,US - UNITED STATES,pof.com/
Pointblog,DK - DENMARK,pointblog.no
CM Network A/S,DK - DENMARK,pointworld.com
Sport To.HB,SE - SWEDEN,pokaltotal.se
Popsa International Limited,GB - UNITED KINGDOM,popsa.com
MG Billing Ltd,CY - CYPRUS,pornhub.com
Post+ BV,NL - NETHERLANDS,post-plus.net
Superspace AB,SE - SWEDEN,posteriq.com
Postery AB,SE - SWEDEN,postery.com
Postery AB,SE - SWEDEN,postery.com/no/
Predictwind Ltd,NZ - NEW ZEALAND,predictwind.com
The Premiere Rosette Company,GB - UNITED KINGDOM,premiererosettes.com
Presto Classical Limited,GB - UNITED KINGDOM,prestoclassical.co.uk
Presto Classical Limited,GB - UNITED KINGDOM,prestomusic.com
prettylittlething.com Limited,GB - UNITED KINGDOM,prettylittlething.com
"Prezi, Inc",US - UNITED STATES,prezi.com
Fezzil Limited,GB - UNITED KINGDOM,primacoup101.com
DinText,DK - DENMARK,print-it.dk
Beatsoul Limited,GB - UNITED KINGDOM,privatefitt365.com
Pro-Direct Sport Limited,GB - UNITED KINGDOM,prodirectsport.com/
Copenhagen Jade AS,DK - DENMARK,project-aj117.com
Projectkin ApS,DK - DENMARK,projectkintravel.com
Web Retail S.R.O,CZ - CZECH REPUBLIC,projektorer-lamper.no
Propellerhead Software AB,SE - SWEDEN,propellerheads.se
Proprint Baltic UAB,LT - LITHUANIA,proprint.lt
Pruefungsverband Deutscher Banken,DE - GERMANY,pruefungsverband-banken.de
"e.V.
På Bettet AB",SE - SWEDEN,påbettet.se
M of Copenhagen,DK - DENMARK,pærelunden
Q-workshop Patryk Strzelewicz,PL - POLAND,q-workshop.com
Q for Skin,SE - SWEDEN,qforskin.se
"Quintessential Biosciences, LLC",US - UNITED STATES,qsciences.com
Qwertee Limited,IE - IRELAND,qwertee.com
TAXOPOULOS P. & Co. L.P.,GR - GREECE,r-tmg.com/
RAKUTEN TV EUROPE S.L.U.,ES - SPAIN,rakuten.tv
Rammy Oy,FI - FINLAND,rammy.fi
Rapha Racing Ltd,GB - UNITED KINGDOM,rapha.cc
Jkollerup.dk v/Jeppe Kollerup,DK - DENMARK,raspberrypi.dk
Raw Roots & Dreadheadshop,DK - DENMARK,rawroots.dk
Razer Online Pte. Ltd.,SG - SINGAPORE,razer.com
RCMart Limited,HK - HONG KONG,rcmart.com
RC modeltruck.dk,DK - DENMARK,rcmodeltruck.dk
Readly AB,SE - SWEDEN,readly.com
Reakto,SE - SWEDEN,reakto.se
Redbubble Inc,US - UNITED STATES,redbubble.com
Redeye Records Limited,GB - UNITED KINGDOM,redeyerecords.co.uk
Skreenback Limited,GB - UNITED KINGDOM,reelcinemax247.com
REISS LIMITED,GB - UNITED KINGDOM,reiss.com
Askovgaard,DK - DENMARK,rejsepuder.dk
RemButiken Sverige AB,SE - SWEDEN,rembutiken.se
VM Elektro A/S,DK - DENMARK,reservedele.nu
Team spareparts Group aps,DK - DENMARK,reservedelpilleovn.dk
RESNAP BV,NL - NETHERLANDS,resnap.com
Proprint Baltic UAB,LT - LITHUANIA,respira.no
Frank Hougen EF,SE - SWEDEN,retreat.nu
Revenuewire Inc.,CA - CANADA,revenuewire.com
Eminent Inc.,US - UNITED STATES,revolve.com/
Rewellio GmbH,AT - AUSTRIA,rewellio.com
RichMeetBeautiful Ltd,MT - MALTA,richmeetbeautiful.com
Ride All Day AB,SE - SWEDEN,rideallday.se
Moalem Trading,DK - DENMARK,ridgeline.dk
NULIZAN LIMITED,CY - CYPRUS,rifflinks.com
Rimmer Bros Ltd,GB - UNITED KINGDOM,rimmerbros.com
Ring LLC,US - UNITED STATES,ring.com/
Roblox Corporation,US - UNITED STATES,roblox.com
RockAuto LLC,US - UNITED STATES,rockauto.com
Rockay.com,DK - DENMARK,rockay.com
Low Frequency records Oy,FI - FINLAND,rockshirts.fi
Rödcedra AB,SE - SWEDEN,rodceder.se
Rohrspatz und Wollmeise GmbH,DE - GERMANY,rohrspatzundwollmeise.de
Rosen-Lund V/Tanja Lund Mogensen,DK - DENMARK,rosen-lund.dk
ROSE PASSION SARL,FR - FRANCE,rosepassion.com
Rotordisc'en,DK - DENMARK,rotordisc.dk
Bee Green,DK - DENMARK,routine.dk/
"A Place for Rover, Inc.",US - UNITED STATES,rover.com
Fiskars Denmark A/S,DK - DENMARK,royalcopenhagen.com/
Fiskars Online Oy Ab,FI - FINLAND,royaldoulton.eu/
Midasplayer (Skills) Limited,GB - UNITED KINGDOM,royalgames.com
Renate Rosner Consult Sl,ES - SPAIN,rr-consult.net/
Fashion Society,DK - DENMARK,ruedetokyo.com/
Rx Smart Gear Inc,US - UNITED STATES,rxsmartgear.com
NYVRY AB,SE - SWEDEN,ryvelle.com
Motillo AB,SE - SWEDEN,saburojeans.com
Samsung Electronics GmbH,DE - GERMANY,samsung.com/de
Sandbox Interactive GmbH,DE - GERMANY,sandbox-interactive.com
Sanseliv ApS,DK - DENMARK,sanse-liv.dk
RJB Stone Ltd,GB - UNITED KINGDOM,sassandbelle.co.uk/
Sätila of Sweden AB,SE - SWEDEN,satila.com
Sätila of Sweden AB,SE - SWEDEN,satila.com/no
Savantini Ltd,GB - UNITED KINGDOM,savantini.com
Staffordshire Bull Terrier 1935,SE - SWEDEN,sbt1935.com
Staffordshire Bull Terrier 1935,SE - SWEDEN,sbt1935.se
Scalefast SAS,FR - FRANCE,scalefast.com
Scribd Inc,US - UNITED STATES,scribd.com
StjarnDistribution,SE - SWEDEN,sdist.se
Seagull Aps,DK - DENMARK,seagull-healthcare.dk
Linden Research Inc,US - UNITED STATES,secondlife.com
DIGITAL RIVER GMBH,DE - GERMANY,secure.element5.com/esales/impressum.html
Secuyou ApS,DK - DENMARK,secuyou.dk
Sekelskifte 1900 AB,SE - SWEDEN,sekelskifte.se
Selfridges Retail Limited,GB - UNITED KINGDOM,selfridges.com
Argentum Antiques And Collectables Ltd,GB - UNITED KINGDOM,sellingantiques.co.uk/argentumantiquescollectables/
Sephora Sweden AB,SE - SWEDEN,sephora.se
ServoVendi SL,ES - SPAIN,servovendi.com
Öviks Husteknik AB,SE - SWEDEN,sewingheartdesign.com
SF  Anytime AB,SE - SWEDEN,sfanytime.com
Aktiebolaget Svensk Filmindustri,SE - SWEDEN,sfkids.com/no/
Jaysov Ventures Limited,GB - UNITED KINGDOM,shockdeal247.com
Hildenratch Limited,GB - UNITED KINGDOM,shockdeals247.com/
Zedalise Limited,GB - UNITED KINGDOM,shockdeals365.com
Pediwear Shoe Centre Online,GB - UNITED KINGDOM,shoesinternational.co.uk
Tomasz Urbaniak,PL - POLAND,shop.bobbiny.com
Frank Hougen EF,SE - SWEDEN,shop.englagard.se
FEBEST EUROPE DISTRIBUTION OU,EE - ESTONIA,shop.febest.eu
Powerslave SL,ES - SPAIN,shop.indierecordings.no/
Newgen Distribution AB,SE - SWEDEN,shop.newgendistribution.com/
Princess Yachts West Sweden AB,SE - SWEDEN,shop.princessyachts.no
Princess Yachts West Sweden AB,SE - SWEDEN,shop.princessyachts.se
Roberto Serrano Ferrer,ES - SPAIN,shop.sailoog.com
IT Magic ApS,DK - DENMARK,shop4body.no
Xbite Limited,GB - UNITED KINGDOM,shop4no.com
Q-workshop Patryk Strzelewicz,PL - POLAND,shop@q-workshop.com
Bop LLC,US - UNITED STATES,shopbop.com
Zaptel Rise Limited,GB - UNITED KINGDOM,shopbyfun.com
The Disney Store Limited,GB - UNITED KINGDOM,shopdisney.co.uk/
BOCIESH LIMITED,CY - CYPRUS,shopelectro247.com
Shopido Online AB,SE - SWEDEN,shopido.com
Ove Agentur Uwe Hirsch,SE - SWEDEN,showplate.se
Shutterstock Inc.,US - UNITED STATES,shutterstock.com
Shutterstock Ireland LTD,IE - IRELAND,shutterstock.com
Sideshow Inc.,US - UNITED STATES,sideshow.com
HAPTIC DISTRICT AB,SE - SWEDEN,sillysilas.com
SilverPark Media AB,SE - SWEDEN,silverparkmedia.se/
"Simon and Schuster Digital Sales, Inc.",US - UNITED STATES,simonandschuster.com
The Happy Crafter LLC,US - UNITED STATES,simonsaysstamp.com
SimpleSite ApS,DK - DENMARK,simplesite.com
Simplifiers IVS,DK - DENMARK,simplifiers.dk/
Sjöklint Agenturer AB,SE - SWEDEN,sjoklintagenturer.se
Lowwi AB,SE - SWEDEN,skalhuset.se
Skandix AG,DE - GERMANY,skandix.de
Skapago Publishing - Werner Skalla,DE - GERMANY,skapago.teachable.com/
SkimSafe AB,SE - SWEDEN,skimsafe.no
"Skoda Auto, a. s.",CZ - CZECH REPUBLIC,skoda-auto.com
Stirk Lamont & Associates Limited,GB - UNITED KINGDOM,sla-ltd.com
SlikhaarShop A/S,DK - DENMARK,slikhaarshop.no
E.L. Cravatte B.V.,NL - NETHERLANDS,slipsshop.com
Wrap Unlimited Aps,DK - DENMARK,slowwalk.dk
Wrap Unlimited Aps,DK - DENMARK,slowwalkstore.dk
SmartBuyGlasses Optical Limited,HK - HONG KONG,smartbuyglasses.no
Smartphoto Group NV,BE - BELGIUM,smartphoto.no
SmartResearch s.r.o.,CZ - CZECH REPUBLIC,smartresearchsro.com
Smartsunwear,DK - DENMARK,smartsunwear.dk
Smartsunwear,DK - DENMARK,smartsunwear.no
The Smile Company ApS,DK - DENMARK,smilebright.eu
SMOKE-IT ApS,DK - DENMARK,smoke-it.dk
Skandinavisk Røgsystem IVS,DK - DENMARK,smokepins.com
Chapari Limited,GB - UNITED KINGDOM,snapupshop10.com
SnorBan DK ApS,DK - DENMARK,snorban.no
Snydepels ApS,DK - DENMARK,snydepels.dk
Indigo Shadows,US - UNITED STATES,sockdreams.com
Softube AB,SE - SWEDEN,softube.com
Sohu ApS,DK - DENMARK,sohu-shop.no
Solann AB,SE - SWEDEN,solann.se
Tailor Shaped ApS,DK - DENMARK,sonofatailor.com
So Sew Me AB,SE - SWEDEN,sosewme.se
Søstrene Grenes Import A/S,DK - DENMARK,sostrenegrene.com
CJ Hvidevareservice Aalborg Aps,DK - DENMARK,spanrep.dk
Sparkol Limited,GB - UNITED KINGDOM,sparkol.com
Speed-ID AB,SE - SWEDEN,speed-id.com
Speer Laboratories LLC,US - UNITED STATES,speerlaboratoires.com
Spigo ApS,DK - DENMARK,spigo.no
Lotto 24 ApS,DK - DENMARK,spil24.no
Spil Games B.V.,NL - NETHERLANDS,spilgames.com
Spitfire Audio Holdings Ltd,GB - UNITED KINGDOM,spitfireaudio.com/
Sportograf GmbH & Co. KG,DE - GERMANY,sportograf.com
Tradevision ApS,DK - DENMARK,sportsbuddy.no
Swedemount Sportswear & Fashion AB,SE - SWEDEN,sportshopen.com
B-Sporting Limited,GB - UNITED KINGDOM,sportsshoes.com
Sport To.HB,SE - SWEDEN,sporttotal.se
Spotify AB,SE - SWEDEN,spotify.com
sprd.net AG,DE - GERMANY,spreadshirt.net
Spring Copenhagen,DK - DENMARK,springcopenhagen.com
Spuhr i Dalby AB,SE - SWEDEN,spuhr.biz/
Squarespace Ireland Limited,IE - IRELAND,squarespace.com/
Squareup International Limited,IE - IRELAND,squareup.com/
Standing Stone Games LLC,US - UNITED STATES,standingstonegames.com
NORDELE LIMITED,CY - CYPRUS,starmusicmix.com
SIA Star Register,LV - LATVIA,starregistration.net/
StataCorp LLC,US - UNITED STATES,stata.com
ENGIVEL,CY - CYPRUS,statictrack.com
Seagull Aps,DK - DENMARK,stetosop.dk
Stiksen AB,SE - SWEDEN,stiksen.com
Stoorstålka AB,SE - SWEDEN,stoorstalka.com
Square Enix Limited,GB - UNITED KINGDOM,store.eu.square-enix.com/
Strava Inc.,US - UNITED STATES,strava.com
Strawberry Cosmetics Service Limited,HK - HONG KONG,strawberrynet.com/en-no/main.aspx?currid=nok
IDERIOL LIMITED,CY - CYPRUS,streamblendy.com
NULIZAN LIMITED,CY - CYPRUS,streambroom.com
Impact Range Limited,GB - UNITED KINGDOM,streammerge.com
VELISAR LIMITED,CY - CYPRUS,streamundle.com
Hækleboksen I/S,DK - DENMARK,strikkeboksen.dk
Strikkes.dk ApS,DK - DENMARK,strikkes.dk/
Strings By Mail,US - UNITED STATES,stringsbymail.com
"Stryd, Inc.",US - UNITED STATES,stryd.com
Student Media ApS,DK - DENMARK,studienett.no
Studio About ApS,DK - DENMARK,studio-about.com
Studio About ApS,DK - DENMARK,studio-about.dk
Stylelegs,DK - DENMARK,stylelegs.dk
Stylepit.Com A/S,DK - DENMARK,stylepit.com
THE LIFE UP LTD,GR - GREECE,sugarfreeshops.com/en
Sugoi Mart,JP - JAPAN,sugoimart.com
BabyNord AB,SE - SWEDEN,summervilleorganic.com
Autosales Incorporated,US - UNITED STATES,summitracing.com
Accessories.dk,DK - DENMARK,sunlooper.no/
3W STORES UK LTD,GB - UNITED KINGDOM,superheroeswarehouse.com
Roadwey Limited,GB - UNITED KINGDOM,supremebunch.com
Surfshark Ltd,CY - CYPRUS,surfshark.com
SurveyMonkey Europe Unlimited,IE - IRELAND,surveymonkey.com/
"Company
Susanne Schjerning Studio",DK - DENMARK,susanneschjerning.dk
Svartzonker Sweden AB,SE - SWEDEN,svartzonkersweden.com/sv/
Svensk Mattdesign,SE - SWEDEN,svenskmattdesign.se
St James Emporium,GB - UNITED KINGDOM,swaineadeneybrigg.com/
Swaine Adeney Brigg websales ltd,GB - UNITED KINGDOM,swaineadeneybrigg.com/
SWATI Group AB,SE - SWEDEN,swati.com
swedish truck parts limited,GB - UNITED KINGDOM,swedishtruckparts.co.uk
Sport To.HB,SE - SWEDEN,sydsport.com
NORTONLIFELOCK IRELAND LIMITED,IE - IRELAND,symantec.com
Sysleriget.dk - 26834889,DK - DENMARK,sysleriget.dk
T101 Limited,GB - UNITED KINGDOM,t101.com
Telecom3 Sverige AB,SE - SWEDEN,t3.se
Tabletop Tycoon Inc,US - UNITED STATES,tabletoptycoon.com
Tagged Inc.,US - UNITED STATES,tagged.com
Taisho ApS,DK - DENMARK,taisho.dk
TavernCreative Limited,GB - UNITED KINGDOM,taverncreative.com
Taxamo Checkout Ltd,IE - IRELAND,taxamo.com
TDC A/S,DK - DENMARK,tdcgroup.com
TeamViewer Germany GmbH,DE - GERMANY,teamviewer.com
TeddySit,DK - DENMARK,teddysit.dk
TeeTurtle LLC,US - UNITED STATES,teeturtle.com
Telefuture Nederland B.V.,NL - NETHERLANDS,telefuture.nl
M of Copenhagen,DK - DENMARK,th.
Kasbane Limited,GB - UNITED KINGDOM,thebestsellrwb.com
TCTC Invest AB,SE - SWEDEN,thecolonialteacompany.com
The Druid's Brew Ltd.,GB - UNITED KINGDOM,thedruidsbrew.co.uk
HORVEOT LIMITED,CY - CYPRUS,thefunbundle.com
EVELEX LIMITED,CY - CYPRUS,thegamemix.com
Pekan Limited,GB - UNITED KINGDOM,thegamerzstore.com
THE LEVEL GROUP SRL,IT - ITALY,thelevelgroup.com
Wontly Services Limited,GB - UNITED KINGDOM,themobileztore.com
PAVICIAN LIMITED,CY - CYPRUS,themusicilike.com
The NAP Lab AB,SE - SWEDEN,thenaplab.no
YOOX NET-A-PORTER GROUP S.P.A.,IT - ITALY,theoutnet.com
Numiv Limited,GB - UNITED KINGDOM,thephonezstore.com
Zaptel Rise Limited,GB - UNITED KINGDOM,thepowerbuys.com
Root Wellness LLC,US - UNITED STATES,therootbrand.com
Powerslave SL,ES - SPAIN,thestonecirclestore.com
Above Board (Solent) Limited,GB - UNITED KINGDOM,thesupco.com/
BEAUTY DISTRIBUTION(HK)LIMITED,HK - HONG KONG,thetebbi.com
OLP Media Limited,GB - UNITED KINGDOM,thetecheshop.com
Corventive Limited,GB - UNITED KINGDOM,thetopbundle.com
Girovo Limited,GB - UNITED KINGDOM,thewebbunddle.com
SkinnyCorp LLC,US - UNITED STATES,threadless.com
Threads by Caroline AB,SE - SWEDEN,threadsbycaroline.com
SilverPark Media AB,SE - SWEDEN,thunderfitness.se/
Aspiro AB,SE - SWEDEN,tidal.com
Tieroom AB,SE - SWEDEN,tieroom.no
TIKEI AB,SE - SWEDEN,tikei.se
Tilia Pay UK Ltd,GB - UNITED KINGDOM,tilia-inc.com/
Tina Wodstrup Danish Design,DK - DENMARK,tinawodstrup.dk
Match Group LLC,US - UNITED STATES,tinder.com
TNKreativt AB,SE - SWEDEN,tnkreativt.com/
TomTom International B.V.,NL - NETHERLANDS,tomtom.com
TopLady Sweden AB,SE - SWEDEN,toplady.no
TopLady Sweden AB,SE - SWEDEN,toplady.se
QATORO LIMITED,CY - CYPRUS,topmediamix.com
Top Pet Produkter AB,SE - SWEDEN,toppet.se
VPNetworks LLC,US - UNITED STATES,torguard.net/
Torrid LLC,US - UNITED STATES,torrid.com/homepage
TouchNote Limited,GB - UNITED KINGDOM,touchnote.com/
TOWNSEND MUSIC LTD,GB - UNITED KINGDOM,townsend-music.com
Travian Games GmbH,DE - GERMANY,traviangames.de
"Trello, Inc.",US - UNITED STATES,trello.com
MediaCom LTD,GB - UNITED KINGDOM,trendbutikken.shop
Trion Worlds Inc,US - UNITED STATES,trionworlds.com
Trolle Company A/S,DK - DENMARK,trollecompany.com
TRS Golf Ltd,GB - UNITED KINGDOM,trsgolf.co.uk
NORDELE LIMITED,CY - CYPRUS,tryallday.com
LEFERA LIMITED,CY - CYPRUS,tunefantasy.com
LOUVERON LIMITED,CY - CYPRUS,tuneintunes.com
Boxwish Limited,GB - UNITED KINGDOM,tunessurfing24.com
ZILOQ LIMITED,CY - CYPRUS,tunesteen.com
JEOLIOR LIMITED,CY - CYPRUS,tunethirst.com
Tunnelbear LLC,US - UNITED STATES,tunnelbear.com
Turner Broadcasting System Europe Ltd,GB - UNITED KINGDOM,turner.com/europe-middle-east-africa
Turritops EF,SE - SWEDEN,turritops.se
Rossotoscana srl,IT - ITALY,tuscanyleather.it
Vrendergo Limited,GB - UNITED KINGDOM,tvshoppr.com
TWILIO INC,US - UNITED STATES,twilio.com
"Twitch Interactive, Inc",US - UNITED STATES,twitch.tv
Twitter International Company,IE - IRELAND,twitter.com/
Tyche Technologies AG,CH - SWITZERLAND,tyche.ch
Tyglycka AB,SE - SWEDEN,tyglycka.se
Nordic Swim and Sport AB,SE - SWEDEN,tyrsverige.se/
NE Services LTD,GB - UNITED KINGDOM,uberkinky.co.uk
Ubisoft EMEA SAS,FR - FRANCE,ubisoft.com
"Udemy, Inc.",US - UNITED STATES,udemy.com/
Metaboli SA,FR - FRANCE,uk.gamesplanet.com/
Lush Retail Limited,GB - UNITED KINGDOM,uk.lush.com/
Match.com International Limited,GB - UNITED KINGDOM,uk.match.com/
Sony Interactive Entertainment Network,GB - UNITED KINGDOM,uk.playstation.com
"Europe Limited
Support Logistics (Europe) Ltd",GB - UNITED KINGDOM,uktactical.com
Uldstedet,DK - DENMARK,uldstedet.dk
Unilux Time (HK) Ltd.,HK - HONG KONG,uniluxtime.com
Unity Technologies ApS,DK - DENMARK,unity3d.com/
SRENOLI LIMITED,CY - CYPRUS,unlimitedstreamz.com
Valinex Limited,GB - UNITED KINGDOM,unostreaming.com
RIZENIA LIMITED,CY - CYPRUS,upbeatgame.com
URBN UK Limited,GB - UNITED KINGDOM,urbanoutfitters.com
URBN US Retail LLC,US - UNITED STATES,urbanoutfitters.com/
URBN UK Limited,GB - UNITED KINGDOM,urbn.com
NC Interactive LLC,US - UNITED STATES,us.ncsoft.com/en
USWE Sports AB,SE - SWEDEN,uswe-sports.com
Aegis Vision Limited,GB - UNITED KINGDOM,uunique.uk.com
Vallgatan 12,SE - SWEDEN,vallgatan12.se/
Valve Corporation,US - UNITED STATES,valvesoftware.com/en/
Vapes Lidköping AB,SE - SWEDEN,vapes.se
Varmt vand fra solen,DK - DENMARK,varmtvandfrasolen.dk
"Jumby Bay Studios, LLC",US - UNITED STATES,vat19.com
Vectoworks Inc,US - UNITED STATES,vectoworks.net
Veldskoen Nordics,SE - SWEDEN,veldskoennordics.com
Veldskoen Nordics,SE - SWEDEN,veldskoennordics.se
Verisure Ireland Designated Activity,IE - IRELAND,verisure.com
"Company
RECISIO SAS",FR - FRANCE,version-karaoke.com
FREEMIND MEDIA LTD,GB - UNITED KINGDOM,victoriascandy.co.uk
Kulla Handel UG haftungsbeschränkt,DE - GERMANY,viking-larp.com
Hannas Villervalla AB,SE - SWEDEN,villervalla.com
Hannas Villervalla AB,SE - SWEDEN,villervalla.se
"Vimeo, Inc",US - UNITED STATES,vimeo.com/
Lupent Limited,GB - UNITED KINGDOM,vipshop247.com
Vision of Home by Helgevik design AB,SE - SWEDEN,visionofhome.se/
VM Elektro A/S,DK - DENMARK,vm-elektro.dk
Volkswagen AG,DE - GERMANY,volkswagen.de
Lindqvist Voltige,DK - DENMARK,voltige.dk
Gadbjerg Reservedelslager,DK - DENMARK,vparts.dk
Les Mills Nordic AB,SE - SWEDEN,w3.lesmills.com/sweden/en
Artivo ApS,DK - DENMARK,wallstickerland.dk/
SYNE TECH INC.,US - UNITED STATES,wantedall.com
Wargaming Group Ltd,CY - CYPRUS,wargaming.net
B2C Distribution Limited,GB - UNITED KINGDOM,watersportsoutlet.com/no-no/
Thought Fashion Ltd,GB - UNITED KINGDOM,wearethought.com
Yellow Product Design Ltd,GB - UNITED KINGDOM,weatherstop.co.uk
2017,SE - SWEDEN,webbutiken.info
2017,SE - SWEDEN,webbutiken.se
Webroot International Limited,IE - IRELAND,webroot.com
ARCHEMBALD ENTERPRISES LIMITED,CY - CYPRUS,webshopr1.com
WeHunt Nordic AB,SE - SWEDEN,wehuntapp.com/
World's End Motorcycles Limited,GB - UNITED KINGDOM,wemoto.com
WePack AB,SE - SWEDEN,wepack.se
Volkswarenhaus Heussner & Stauber,DE - GERMANY,werk34.de
"GmbH & Co. KG
Wetransfer B.V.",NL - NETHERLANDS,wetransfer.com
Wheat Roskilde AS,DK - DENMARK,wheat.no
Whitewall Media GmbH,DE - GERMANY,whitewall.com
YESTROL LIMITED,CY - CYPRUS,whoopeefun.com
LOUVERON LIMITED,CY - CYPRUS,whoopeewoop.com
Whow Games GmbH,DE - GERMANY,whow.net/en
Wide Angle Software Ltd,GB - UNITED KINGDOM,wideanglesoftware.com
Suraway ltd,CY - CYPRUS,wild-terra-2-new-lands.xsollasitebuilder.com/
"Wiley Subscription Services, Inc",GB - UNITED KINGDOM,wiley.com
AB Josef Wilund,SE - SWEDEN,wilund.se/
WINDA ELECTRONIC CO LIMITED,CN - CHINA,windaele.simplesite.com/
Windsurfer Europe Srls,IT - ITALY,windsurfereurope.com
UAB Valytuvai.lt,LT - LITHUANIA,wipernet.no/
ContextLogic INC,US - UNITED STATES,wish.com
Wister,FR - FRANCE,wister.fr
Wix.com Ltd,IL - ISRAEL,wix.com/
Dot Com Productions LLC,GB - UNITED KINGDOM,womanfromrussia.com
LostMy.Name Limited,GB - UNITED KINGDOM,wonderbly.com
WONDERSHARE TECHNOLOGY CO,HK - HONG KONG,wondershare.com
"LIMITED
Wooden Camera Inc",US - UNITED STATES,woodencamera.com
Woodteam Group AB,SE - SWEDEN,woodteam.se
Wool and the Gang,GB - UNITED KINGDOM,woolandthegang.com/
Wool Warehouse Direct Limited,GB - UNITED KINGDOM,woolwarehouse.co.uk
Now2New,SE - SWEDEN,wowfactor.se
QATORO LIMITED,CY - CYPRUS,wowmusicmix.com
WWE Network LLC,US - UNITED STATES,wwe.com/wwenetwork
COVA M. PRIVATE CAPITAL COMPANY,GR - GREECE,wyoustores.com
XING AG,DE - GERMANY,xing.com/
På Bettet AB,SE - SWEDEN,xn--pbettet-exa.se
Suraway ltd,CY - CYPRUS,xsolla.com
"Xsolla (USA), Inc",US - UNITED STATES,xsolla.com
Yellow Product Design Ltd,GB - UNITED KINGDOM,yellowproductdesign.com
Yesasia.com Limited,HK - HONG KONG,yesasia.com/global/en/home.html
Yesstyle.com Limited,HK - HONG KONG,yesstyle.com/en/women.html
Dalufons AB,SE - SWEDEN,yldr.gg
B.D Sweden AB,SE - SWEDEN,yogia.se/
YOOX NET-A-PORTER GROUP S.P.A.,IT - ITALY,yoox.com
Yousician Oy,FI - FINLAND,yousician.com/
Yrolí Skincare,DK - DENMARK,yroli.com
WISEON E-COMMERCE (HONGKONG),HK - HONG KONG,zaful.com
"LIMITED
Zannaz",SE - SWEDEN,zannaz.se
Pekan Limited,GB - UNITED KINGDOM,zaphoneshop.com
Zazzle Inc,US - UNITED STATES,zazzle.com
ZeniMax Europe Limited,GB - UNITED KINGDOM,zenimax.com
Scholz Handelsgesellschaft mbH,DE - GERMANY,ziegenpeter.shop
Znipe Esports AB,SE - SWEDEN,znipe.se/
Zoho Corporation B.V.,NL - NETHERLANDS,zoho.com
"Zoom Video Communications, Inc.",US - UNITED STATES,zoom.us/
FESOREX LIMITED,CY - CYPRUS,zoopackage.com
"Zoosk, Inc.",US - UNITED STATES,zoosk.com
Zound Industries International AB,SE - SWEDEN,zoundindustries.com/
Zwift Inc,US - UNITED STATES,zwift.com/
Zynga Game Ireland Ltd.,IE - IRELAND,zynga.com
Addick AB,SE - SWEDEN,
Eytys AB,SE - SWEDEN,
FelineBox,DK - DENMARK,
Hvalsøe,DK - DENMARK,
Sportswear by Matilda & Anna,SE - SWEDEN,
Varmt vand fra solen,DK - DENMARK,
